
-- Creation of connected object 
insert into CONNECTED_OBJECT 
(ID, VERSION, BRAND, IP_ADDRESS, MAC_ADDRESS, LAST_MEASUREMENT_DATE, 
LAST_PARAMETER_MODIFICATION_DATE, STATUS, STATE) 
values (16, 1, 'Philips', '72.135.218.212', '80:25:5a:gb:6e:e6', 
'2019-12-16 09:00:00.000', '2019-12-16 09:00:00.000', 'ON', 'OPERATIONAL');

insert into CONNECTED_OBJECT 
(ID, VERSION, BRAND, IP_ADDRESS, MAC_ADDRESS, LAST_MEASUREMENT_DATE, 
LAST_PARAMETER_MODIFICATION_DATE, STATUS, STATE) 
values (17, 1, 'Somfy', '72.135.228.222', '85:25:5a:gb:6e:e6', 
'2019-12-16 09:00:00.000', '2019-12-16 09:00:00.000', 'ON', 'BROKEN');

insert into CONNECTED_OBJECT 
(ID, VERSION, BRAND, IP_ADDRESS, MAC_ADDRESS, LAST_MEASUREMENT_DATE, 
LAST_PARAMETER_MODIFICATION_DATE, STATUS, STATE) 
values (18, 1, 'Somfy', '72.135.238.212', '80:25:aa:2b:6e:e6', 
'2019-12-16 09:00:00.000', '2019-12-16 09:00:00.000', 'ON', 'OPERATIONAL');

insert into CONNECTED_OBJECT 
(ID, VERSION, BRAND, IP_ADDRESS, MAC_ADDRESS, LAST_MEASUREMENT_DATE, 
LAST_PARAMETER_MODIFICATION_DATE, STATUS, STATE) 
values (19, 1, 'Somfy', '72.135.118.212', '80:15:5a:gb:6e:e6', 
'2019-12-16 09:00:00.000', '2019-12-16 09:00:00.000', 'ON', 'OPERATIONAL');

insert into CONNECTED_OBJECT 
(ID, VERSION, BRAND, IP_ADDRESS, MAC_ADDRESS, LAST_MEASUREMENT_DATE, 
LAST_PARAMETER_MODIFICATION_DATE, STATUS, STATE) 
values (20, 1, 'Somfy', '72.135.218.218', '80:00:52:ga:2e:e6', 
'2019-12-16 09:00:00.000', '2019-12-16 09:00:00.000', 'ON', 'OPERATIONAL');

insert into CONNECTED_OBJECT 
(ID, VERSION, BRAND, IP_ADDRESS, MAC_ADDRESS, LAST_MEASUREMENT_DATE, 
LAST_PARAMETER_MODIFICATION_DATE, STATUS, STATE) 
values (21, 1, 'Verisur', '72.135.218.102', '80:25:5a:gb:6e:20', 
'2019-12-16 09:00:00.000', '2019-12-16 09:00:00.000', 'ON', 'BROKEN');

insert into CONNECTED_OBJECT 
(ID, VERSION, BRAND, IP_ADDRESS, MAC_ADDRESS, LAST_MEASUREMENT_DATE, 
LAST_PARAMETER_MODIFICATION_DATE, STATUS, STATE) 
values (22, 1, 'Verisur', '72.135.218.220', '80:25:5a:dg:9e:e9', 
'2019-12-16 09:00:00.000', '2019-12-16 09:00:00.000', 'ON', 'OPERATIONAL');

insert into CONNECTED_OBJECT 
(ID, VERSION, BRAND, IP_ADDRESS, MAC_ADDRESS, LAST_MEASUREMENT_DATE, 
LAST_PARAMETER_MODIFICATION_DATE, STATUS, STATE) 
values (23, 1, 'Verisur', '72.135.218.012', '80:25:5a:gb:0e:a6', 
'2019-12-16 09:00:00.000', '2019-12-16 09:00:00.000', 'ON', 'OPERATIONAL');

insert into CONNECTED_OBJECT 
(ID, VERSION, BRAND, IP_ADDRESS, MAC_ADDRESS, LAST_MEASUREMENT_DATE, 
LAST_PARAMETER_MODIFICATION_DATE, STATUS, STATE) 
values (24, 1, 'Adafruit', '72.135.218.232', '80:25:5a:jb:5e:56', 
'2019-12-16 09:00:00.000', '2019-12-16 09:00:00.000', 'ON', 'OPERATIONAL');

insert into CONNECTED_OBJECT 
(ID, VERSION, BRAND, IP_ADDRESS, MAC_ADDRESS, LAST_MEASUREMENT_DATE, 
LAST_PARAMETER_MODIFICATION_DATE, STATUS, STATE) 
values (25, 1, 'Adafruit', '72.135.218.242', '80:25:5a:gb:6j:e6', 
'2019-12-16 09:00:00.000', '2019-12-16 09:00:00.000', 'ON', 'OPERATIONAL');

insert into CONNECTED_OBJECT 
(ID, VERSION, BRAND, IP_ADDRESS, MAC_ADDRESS, LAST_MEASUREMENT_DATE, 
LAST_PARAMETER_MODIFICATION_DATE, STATUS, STATE) 
values (26, 1, 'Adafruit', '72.135.218.252', '80:25:5a:gb:6i:e6', 
'2019-12-16 09:00:00.000', '2019-12-16 09:00:00.000', 'ON', 'BROKEN');

insert into CONNECTED_OBJECT 
(ID, VERSION, BRAND, IP_ADDRESS, MAC_ADDRESS, LAST_MEASUREMENT_DATE, 
LAST_PARAMETER_MODIFICATION_DATE, STATUS, STATE) 
values (27, 1, 'Fibaro', '72.135.218.262', '80:25:5a:gb:6h:e6', 
'2019-12-16 09:00:00.000', '2019-12-16 09:00:00.000', 'ON', 'OPERATIONAL');

insert into CONNECTED_OBJECT 
(ID, VERSION, BRAND, IP_ADDRESS, MAC_ADDRESS, LAST_MEASUREMENT_DATE, 
LAST_PARAMETER_MODIFICATION_DATE, STATUS, STATE) 
values (28, 1, 'Fibaro', '72.135.218.272', '80:25:5a:gb:6e:e6', 
'2019-12-16 09:00:00.000', '2019-12-16 09:00:00.000', 'ON', 'BROKEN');

insert into CONNECTED_OBJECT 
(ID, VERSION, BRAND, IP_ADDRESS, MAC_ADDRESS, LAST_MEASUREMENT_DATE, 
LAST_PARAMETER_MODIFICATION_DATE, STATUS, STATE) 
values (29, 1, 'Fibaro', '72.135.218.282', '80:25:5a:gb:6d:e6', 
'2019-12-16 09:00:00.000', '2019-12-16 09:00:00.000', 'ON', 'OPERATIONAL');

insert into CONNECTED_OBJECT 
(ID, VERSION, BRAND, IP_ADDRESS, MAC_ADDRESS, LAST_MEASUREMENT_DATE, 
LAST_PARAMETER_MODIFICATION_DATE, STATUS, STATE) 
values (30, 1, 'Fibaro', '72.135.218.292', '80:25:5a:gb:6c:e6', 
'2019-12-16 09:00:00.000', '2019-12-16 09:00:00.000', 'ON', 'OPERATIONAL');

insert into CONNECTED_OBJECT 
(ID, VERSION, BRAND, IP_ADDRESS, MAC_ADDRESS, LAST_MEASUREMENT_DATE, 
LAST_PARAMETER_MODIFICATION_DATE, STATUS, STATE) 
values (31, 1, 'Leroy Merlin', '72.135.218.213', '80:25:5a:gb:6b:e6', 
'2019-12-16 09:00:00.000', '2019-12-16 09:00:00.000', 'ON', 'BROKEN');

insert into CONNECTED_OBJECT 
(ID, VERSION, BRAND, IP_ADDRESS, MAC_ADDRESS, LAST_MEASUREMENT_DATE, 
LAST_PARAMETER_MODIFICATION_DATE, STATUS, STATE) 
values (32, 1, 'Leroy Merlin', '72.135.218.214', '80:25:5a:gb:6a:e6', 
'2019-12-16 09:00:00.000', '2019-12-16 09:00:00.000', 'ON', 'OPERATIONAL');

insert into CONNECTED_OBJECT 
(ID, VERSION, BRAND, IP_ADDRESS, MAC_ADDRESS, LAST_MEASUREMENT_DATE, 
LAST_PARAMETER_MODIFICATION_DATE, STATUS, STATE) 
values (33, 1, 'Tybox', '72.135.218.215', '80:25:5a:gb:6g:e6', 
'2019-12-16 09:00:00.000', '2019-12-16 09:00:00.000', 'ON', 'BROKEN');

insert into CONNECTED_OBJECT 
(ID, VERSION, BRAND, IP_ADDRESS, MAC_ADDRESS, LAST_MEASUREMENT_DATE, 
LAST_PARAMETER_MODIFICATION_DATE, STATUS, STATE) 
values (34, 1, 'Tybox', '72.135.218.216', '80:25:5a:gb:8f:e6', 
'2019-12-16 09:00:00.000', '2019-12-16 09:00:00.000', 'ON', 'BROKEN');

-- Creation of non medical connected object 
insert into NON_MEDICAL_CONNECTED_OBJECT (ID, 
CONNECTED_OBJECT_ID, INSTALLATION_DATE, NON_MEDICAL_OBJECT_TYPE, 
ROOM_ID, SVG_POINT) 
values (16, 16, '2019-12-16 09:00:00.000', 'ALARM_CLOCK', 2, 'point-1');

insert into NON_MEDICAL_CONNECTED_OBJECT (ID, 
CONNECTED_OBJECT_ID, INSTALLATION_DATE, NON_MEDICAL_OBJECT_TYPE, 
ROOM_ID, SVG_POINT) 
values (17, 17, '2019-12-16 09:00:00.000', 'SHUTTER', 2, 'point-window-1');

insert into NON_MEDICAL_CONNECTED_OBJECT (ID, 
CONNECTED_OBJECT_ID, INSTALLATION_DATE, NON_MEDICAL_OBJECT_TYPE, 
ROOM_ID, SVG_POINT) 
values (18, 18, '2019-12-16 09:00:00.000', 'SHUTTER', 4, 'point-window-1');

insert into NON_MEDICAL_CONNECTED_OBJECT (ID, 
CONNECTED_OBJECT_ID, INSTALLATION_DATE, NON_MEDICAL_OBJECT_TYPE, 
ROOM_ID, SVG_POINT) 
values (19, 19, '2019-12-16 09:00:00.000', 'SHUTTER', 5, 'point-window-1');

insert into NON_MEDICAL_CONNECTED_OBJECT (ID, 
CONNECTED_OBJECT_ID, INSTALLATION_DATE, NON_MEDICAL_OBJECT_TYPE, 
ROOM_ID, SVG_POINT) 
values (20, 20, '2019-12-16 09:00:00.000', 'SHUTTER', 6, 'point-window-1');

insert into NON_MEDICAL_CONNECTED_OBJECT (ID, 
CONNECTED_OBJECT_ID, INSTALLATION_DATE, NON_MEDICAL_OBJECT_TYPE, 
ROOM_ID, SVG_POINT) 
values (21, 21, '2019-12-16 09:00:00.000', 'DOOR_SENSOR', 4, 'point-door-1');

insert into NON_MEDICAL_CONNECTED_OBJECT (ID, 
CONNECTED_OBJECT_ID, INSTALLATION_DATE, NON_MEDICAL_OBJECT_TYPE, 
ROOM_ID, SVG_POINT) 
values (22, 22, '2019-12-16 09:00:00.000', 'DOOR_SENSOR', 3, 'point-door-1');

insert into NON_MEDICAL_CONNECTED_OBJECT (ID, 
CONNECTED_OBJECT_ID, INSTALLATION_DATE, NON_MEDICAL_OBJECT_TYPE, 
ROOM_ID, SVG_POINT) 
values (23, 23, '2019-12-16 09:00:00.000', 'DOOR_SENSOR', 5, 'point-door-1');

insert into NON_MEDICAL_CONNECTED_OBJECT (ID, 
CONNECTED_OBJECT_ID, INSTALLATION_DATE, NON_MEDICAL_OBJECT_TYPE, 
ROOM_ID, SVG_POINT) 
values (24, 24, '2019-12-16 09:00:00.000', 'SUNSHINE_SENSOR', 4, 'point-1');

insert into NON_MEDICAL_CONNECTED_OBJECT (ID, 
CONNECTED_OBJECT_ID, INSTALLATION_DATE, NON_MEDICAL_OBJECT_TYPE, 
ROOM_ID, SVG_POINT) 
values (25, 25, '2019-12-16 09:00:00.000', 'SUNSHINE_SENSOR', 5, 'point-2');

insert into NON_MEDICAL_CONNECTED_OBJECT (ID, 
CONNECTED_OBJECT_ID, INSTALLATION_DATE, NON_MEDICAL_OBJECT_TYPE, 
ROOM_ID, SVG_POINT) 
values (26, 26, '2019-12-16 09:00:00.000', 'SUNSHINE_SENSOR', 6, 'point-3');

insert into NON_MEDICAL_CONNECTED_OBJECT (ID, 
CONNECTED_OBJECT_ID, INSTALLATION_DATE, NON_MEDICAL_OBJECT_TYPE, 
ROOM_ID, SVG_POINT) 
values (27, 27, '2019-12-16 09:00:00.000', 'SMOKE_SENSOR', 6, 'point-4');

insert into NON_MEDICAL_CONNECTED_OBJECT (ID, 
CONNECTED_OBJECT_ID, INSTALLATION_DATE, NON_MEDICAL_OBJECT_TYPE, 
ROOM_ID, SVG_POINT) 
values (28, 28, '2019-12-16 09:00:00.000', 'SMOKE_SENSOR', 5, 'point-10');

insert into NON_MEDICAL_CONNECTED_OBJECT (ID, 
CONNECTED_OBJECT_ID, INSTALLATION_DATE, NON_MEDICAL_OBJECT_TYPE, 
ROOM_ID, SVG_POINT) 
values (29, 29, '2019-12-16 09:00:00.000', 'SMOKE_SENSOR', 3, 'point-4');

insert into NON_MEDICAL_CONNECTED_OBJECT (ID, 
CONNECTED_OBJECT_ID, INSTALLATION_DATE, NON_MEDICAL_OBJECT_TYPE, 
ROOM_ID, SVG_POINT) 
values (30, 30, '2019-12-16 09:00:00.000', 'SMOKE_SENSOR', 2, 'point-2');

insert into NON_MEDICAL_CONNECTED_OBJECT (ID, 
CONNECTED_OBJECT_ID, INSTALLATION_DATE, NON_MEDICAL_OBJECT_TYPE, 
ROOM_ID, SVG_POINT) 
values (31, 31, '2019-12-16 09:00:00.000', 'BULB', 3, 'point-11');

insert into NON_MEDICAL_CONNECTED_OBJECT (ID, 
CONNECTED_OBJECT_ID, INSTALLATION_DATE, NON_MEDICAL_OBJECT_TYPE, 
ROOM_ID, SVG_POINT) 
values (32, 32, '2019-12-16 09:00:00.000', 'BULB', 4, 'point-12');

insert into NON_MEDICAL_CONNECTED_OBJECT (ID, 
CONNECTED_OBJECT_ID, INSTALLATION_DATE, NON_MEDICAL_OBJECT_TYPE, 
ROOM_ID, SVG_POINT) 
values (33, 33, '2019-12-16 09:00:00.000', 'TEMPERATURE_CONTROLLER', 3, 'point-3');

insert into NON_MEDICAL_CONNECTED_OBJECT (ID, 
CONNECTED_OBJECT_ID, INSTALLATION_DATE, NON_MEDICAL_OBJECT_TYPE, 
ROOM_ID, SVG_POINT) 
values (34, 34, '2019-12-16 09:00:00.000', 'TEMPERATURE_CONTROLLER', 4, 'point-7');

-- Insert alarm clock 
insert into ALARM_CLOCK values(3,16, '2019-12-09 09:00:00.000' , true);

-- Insert shutter 
insert into SHUTTER values(2, 17, true, 50.0, true);
insert into SHUTTER values(3, 18, true, 50.0, true);
insert into SHUTTER values(4, 19, true, 50.0, true);
insert into SHUTTER values(5, 20, true, 50.0, true);

-- Insert door sensor
insert into DOOR_SENSOR values(3, 21, false, true, true);
insert into DOOR_SENSOR values(4, 22, false, true, true);
insert into DOOR_SENSOR values(5, 23, false, true, true);

-- Insert sunshine sensor 
insert into SUNSHINE_SENSOR values(2, 24, 17, 10000, true);
insert into SUNSHINE_SENSOR values(3, 25, 17, 10000, true);
insert into SUNSHINE_SENSOR values(4, 26, 17, 10000, true);

--Insert smoke sensor 
insert into SMOKE_SENSOR values(3, 27, 300, 'LOW', true);
insert into SMOKE_SENSOR values(4, 28, 300, 'LOW', true);
insert into SMOKE_SENSOR values(5, 29, 300, 'LOW', true);
insert into SMOKE_SENSOR values(6, 30, 300, 'LOW', true);

-- Insert temperature controller
insert into TEMPERATURE_CONTROLLER 
values(2, 33, 20, 30, 15, 21, 25, true, true, true);
insert into TEMPERATURE_CONTROLLER 
values(3, 34, 20, 30, 15, 21, 24, true, true, true); 

-- Insert bulb
insert into BULB values (7, 31, '#FFBB33', true);
insert into BULB values (8, 32, '#FFBB33', true);